mes,ingresos_total,costo_logistico_total,facturas_emitidas,entregas_totales,viajes_totales,distancia_total_km,tiempo_promedio_entrega,combustible_total_litros,costo_combustible_total,entregas_a_tiempo,cumplimiento_pct
2025-01,1565656.03,268541.26,215,994,285,335889.13,12.540456140350878,116196.26,98766.8,136,47.72
2025-02,1129169.36,189675.18,168,851,248,303780.86,12.348185483870967,107824.74,91650.97,117,47.18
2025-03,1473347.41,258395.18,199,858,256,311205.82,12.0780078125,108221.23,91988.02,122,47.66
2025-04,1660223.29,290322.12,215,964,276,349847.91,12.145253623188406,123645.94,105099.06,135,48.91
2025-05,1625150.46,270534.17,226,855,239,293117.8,12.175146443514645,103452.48,87934.62,118,49.37
2025-06,1352674.89,231728.33000000002,181,715,196,246610.21,11.896989795918367,87114.5,74047.29,84,42.86
